loss,auc,val_loss,val_auc,lr
0.555180549621582,0.7612618207931519,0.5026405453681946,0.8077908754348755,1e-04
0.4976852238178253,0.8097785115242004,0.4859711825847626,0.8202846050262451,1e-04
0.483809232711792,0.8205564618110657,0.4795052409172058,0.82402503490448,1e-04
