{"lr": 0.0001, "version": 222, "train_mode": "full", "batch_size": 256, "epochs": 100, "seed": 69, "changelog": "1/4 lr", "bavg_epoch": 26, "bavg_loss": 0.43714389204978943, "bavg_auc": 0.8495320081710815}