{"lr": 0.0001, "version": 244, "train_mode": "full", "batch_size": 256, "epochs": 25, "seed": 42, "changelog": "only whitened ds with sgd", "bavg_epoch": 21, "bavg_loss": 0.4654008448123932, "bavg_auc": 0.8340699076652527}