{"lr": 0.0001, "version": 224, "train_mode": "full", "batch_size": 256, "epochs": 100, "seed": 69, "changelog": "Input layers: 1/2 kernel size. more kernels", "bavg_epoch": 30, "bavg_loss": 0.43432125449180603, "bavg_auc": 0.8519988656044006}