{"lr": 0.0001, "version": 110, "train_mode": "full", "batch_size": 256, "epochs": 100, "seed": 42, "changelog": "dropout layers", "bavg_epoch": 11, "bavg_loss": 0.4700930714607239, "bavg_auc": 0.8158355355262756}