loss,auc,val_loss,val_auc,lr
0.40360918641090393,0.8743565082550049,0.46472465991973877,0.8398907780647278,2.3149223e-06
