{"lr": 0.0001, "version": 136, "train_mode": "full", "batch_size": 256, "epochs": 100, "seed": 42, "changelog": "1/4 lr", "bavg_epoch": 21, "bavg_loss": 0.4205001890659332, "bavg_auc": 0.8543319702148438}