{"lr": 0.0001, "version": 137, "train_mode": "full", "batch_size": 256, "epochs": 100, "seed": 42, "changelog": "1/4 lr", "bavg_epoch": 31, "bavg_loss": 0.3644496500492096, "bavg_auc": 0.8764021396636963}