{"lr": 1e-05, "version": 476, "train_mode": "full", "batch_size": 256, "epochs": 80, "seed": 1111, "changelog": "using 1e-5 initial lr", "bavg_epoch": 15, "bavg_loss": 0.439726387959289, "bavg_auc": 0.8477051854133606}