{"lr": 0.0001, "version": 164, "train_mode": "full", "batch_size": 256, "epochs": 100, "seed": 42, "changelog": "1/4 lr", "bavg_epoch": 9, "bavg_loss": 0.43889108300209045, "bavg_auc": 0.8445892930030823}