{"lr": 0.0001, "version": 92, "train_mode": "full", "batch_size": 256, "epochs": 100, "seed": 42, "changelog": "dropout layers", "bavg_epoch": 17, "bavg_loss": 0.4348364472389221, "bavg_auc": 0.8323007225990295}