{"lr": 0.001, "version": 210, "train_mode": "full", "batch_size": 256, "epochs": 100, "seed": 42, "changelog": "1/4 lr", "bavg_epoch": 24, "bavg_loss": 0.44400131702423096, "bavg_auc": 0.8473840951919556}