{"lr": 0.0002, "version": 124, "train_mode": "full", "batch_size": 256, "epochs": 100, "seed": 42, "changelog": "10x lr", "bavg_epoch": 23, "bavg_loss": 0.4481961727142334, "bavg_auc": 0.8271871209144592}