{"lr": 0.001, "version": 1, "train_mode": "full", "batch_size": 256, "epochs": 60, "bavg_epoch": 16, "bavg_loss": 0.45178934931755066, "bavg_auc": 0.8380649089813232}