{"lr": 0.0001, "version": 221, "train_mode": "full", "batch_size": 256, "epochs": 100, "seed": 69, "changelog": "1/4 lr", "bavg_epoch": 40, "bavg_loss": 0.43519923090934753, "bavg_auc": 0.850387454032898}