{"lr": 0.0001, "version": 113, "train_mode": "full", "batch_size": 256, "epochs": 100, "seed": 42, "changelog": "dropout layers", "bavg_epoch": 8, "bavg_loss": 0.4762698709964752, "bavg_auc": 0.8138890266418457}