{"lr": 0.0001, "version": 67, "train_mode": "full", "batch_size": 256, "epochs": 10, "seed": 42, "changelog": "third layer", "bavg_epoch": 7, "bavg_loss": 0.4540828764438629, "bavg_auc": 0.8277258276939392}