{"lr": 0.0001, "version": 242, "train_mode": "full", "batch_size": 256, "epochs": 25, "seed": 42, "changelog": "only whitened ds with sgd", "bavg_epoch": 23, "bavg_loss": 0.44707274436950684, "bavg_auc": 0.8485761284828186}