loss,auc,val_loss,val_auc,lr
0.9415832161903381,0.5604041814804077,0.6933345794677734,0.49971064925193787,1e-04
