{"lr": 1e-05, "version": 200, "train_mode": "full", "batch_size": 256, "epochs": 100, "seed": 42, "changelog": "1/4 lr", "bavg_epoch": 36, "bavg_loss": 0.46410346031188965, "bavg_auc": 0.839056670665741}