loss,auc_1,val_loss,val_auc_1,lr
0.5958103537559509,0.7139156460762024,0.7004926800727844,0.7558503746986389,1e-05
