{"lr": 0.0001, "version": 231, "train_mode": "full", "batch_size": 256, "epochs": 100, "seed": 69, "changelog": "only whitened ds", "bavg_epoch": 29, "bavg_loss": 0.4397573471069336, "bavg_auc": 0.8480199575424194}