loss,auc,val_loss,val_auc,lr
0.7168135643005371,0.6124879121780396,0.683028519153595,0.573968768119812,1e-04
