{"lr": 0.0001, "version": 307, "train_mode": "full", "batch_size": 256, "epochs": 35, "seed": 42, "changelog": "second run with adam", "bavg_epoch": 1, "bavg_loss": 0.4900054335594177, "bavg_auc": 0.8523174524307251}